,miRNA1,miRNA2,miRNA3,miRNA4,target1,target2,target3,target4,oligoseq,HEK293T_3UTR_log10,HEK293T_3UTR_error,HeLa_3UTR_log10,HeLa_3UTR_error,MCF7_3UTR_log10,MCF7_3UTR_error,K562_3UTR_log10,K562_3UTR_error,HepG2_3UTR_log10,HepG2_3UTR_error,SKNSH_3UTR_log10,SKNSH_3UTR_error
miRNA_full_AND2x2_1_context1,hsa-miR-23a-3p,hsa-miR-23a-3p,hsa-miR-223-3p,hsa-miR-223-3p,GGAAATCCCTGGCAATGTGAT,GGAAATCCCTGGCAATGTGAT,GGGGTATTTGACAAACTGACA,GGGGTATTTGACAAACTGACA,TTGGAAATCCCTGGCAATGTGATCAGGGAAATCCCTGGCAATGTGATCACACGGGGTATTTGACAAACTGACAACTGGGGTATTTGACAAACTGACACACT,-0.1468938959612802,0.0365962868142713,-0.8034421506240718,0.0412511524608883,-0.4428597763914039,0.0386713177745504,-0.8567179576080005,0.0429472679159632,-0.4963448600543948,0.0385177906779693,-0.5018551741392154,0.0398653453072335
miRNA_full_AND2x2_2_context1,hsa-miR-125b-5p,hsa-miR-125b-5p,hsa-miR-221-3p,hsa-miR-221-3p,CACAAGTTAGGGTCTCAGGGA,CACAAGTTAGGGTCTCAGGGA,AACCCAGCAGACAATGTAGCT,AACCCAGCAGACAATGTAGCT,TTGGCACAAGTTAGGGTCTCAGGGAGGGCACAAGTTAGGGTCTCAGGGACAAACCCAGCAGACAATGTAGCTTACAACCCAGCAGACAATGTAGCTTCACT,-0.8276783823830984,0.0347013015446743,-0.869696293757887,0.0364297919787353,-0.0422237678955621,0.0311107643139582,0.0768842318897931,0.0317789832511234,-0.6922993666452101,0.0344769829019416,-0.4797427650472297,0.0341527586063544
miRNA_full_AND2x2_3_context1,hsa-miR-7-5p,hsa-miR-7-5p,hsa-miR-218-5p,hsa-miR-218-5p,AACAAAATCACTAGTCTTCCA,AACAAAATCACTAGTCTTCCA,ACATGGTTAGATCAAGCACAA,ACATGGTTAGATCAAGCACAA,TTGGAACAAAATCACTAGTCTTCCAGGGAACAAAATCACTAGTCTTCCACACATGGTTAGATCAAGCACAAGTAACATGGTTAGATCAAGCACAACTCACT,-1.1592584516280464,0.0490821639587347,-0.2394067271216407,0.0418249012847188,-0.1924818258428147,0.039588949198025,-0.3064774781208064,0.0419133159200987,-0.3010676300459109,0.0401185408467756,-0.6089756590026832,0.045570647037814
miRNA_full_AND2x2_4_context1,hsa-miR-96-5p,hsa-miR-96-5p,hsa-miR-218-5p,hsa-miR-218-5p,CAAAAATGTGCTAGTGCCAAA,CAAAAATGTGCTAGTGCCAAA,ACATGGTTAGATCAAGCACAA,ACATGGTTAGATCAAGCACAA,TTCAAAAATGTGCTAGTGCCAAACAGCAAAAATGTGCTAGTGCCAAAGACACATGGTTAGATCAAGCACAAGTAACATGGTTAGATCAAGCACAACTCACT,-1.0097443826225638,0.0334345443995906,-0.1638508212805249,0.0306273624897608,-0.4079375824681807,0.0309956480292431,-0.4030949503576776,0.0311356956454125,-0.3040196641451681,0.030233562940409,-0.5092089579967972,0.0321358713674586
miRNA_full_AND2x2_5_context1,hsa-miR-494-3p,hsa-miR-494-3p,hsa-miR-100-5p,hsa-miR-100-5p,AGGTTTCCCGTGTATGTTTCA,AGGTTTCCCGTGTATGTTTCA,ACAAGTTCGGATCTACGGGTT,ACAAGTTCGGATCTACGGGTT,TTGAGGTTTCCCGTGTATGTTTCAAGGAGGTTTCCCGTGTATGTTTCAACACACAAGTTCGGATCTACGGGTTACTACAAGTTCGGATCTACGGGTTCACT,-0.1169905629269798,0.022767797577151,-0.6857144732727771,0.0254035238466537,0.0082790002011526,0.0227037584598872,-0.0362045561501532,0.0229067106237403,-0.0649371575404316,0.0227852879800118,-0.4718843407066044,0.0249683259266131
miRNA_full_AND2x2_6_context1,hsa-miR-148a-3p,hsa-miR-148a-3p,hsa-miR-218-5p,hsa-miR-218-5p,CAAAGTTCTGTAGTGCACTGA,CAAAGTTCTGTAGTGCACTGA,ACATGGTTAGATCAAGCACAA,ACATGGTTAGATCAAGCACAA,TTGGCAAAGTTCTGTAGTGCACTGAGGGCAAAGTTCTGTAGTGCACTGACACATGGTTAGATCAAGCACAAGTAACATGGTTAGATCAAGCACAACTCACT,-1.068388571793605,0.0306165005752057,0.0129701762032753,0.0265825267903774,-0.0373393834416563,0.0266795826890116,-0.126044186107989,0.0262864874816364,-0.073281364966297,0.0267553660098025,-0.6402769465843385,0.0298324090877525
miRNA_full_AND2x2_7_context1,hsa-miR-193b-3p,hsa-miR-193b-3p,hsa-miR-196a-5p,hsa-miR-196a-5p,GCGGGACTTTGAGGGCCAGTT,GCGGGACTTTGAGGGCCAGTT,CCAACAACATGAAACTACCTA,CCAACAACATGAAACTACCTA,TTGGGCGGGACTTTGAGGGCCAGTTGGGGCGGGACTTTGAGGGCCAGTTCCCAACAACATGAAACTACCTAGTACCAACAACATGAAACTACCTACTCACT,-0.8198253380542793,0.0407032160206143,-0.7301571068922402,0.0408510494905484,-0.1466427873841589,0.0375323760295379,-0.0930632357132016,0.0364542028951714,-0.2569640320225065,0.0378924778563122,0.0746177231745921,0.0385555411138223
miRNA_full_AND2x2_8_context1,hsa-miR-148a-3p,hsa-miR-148a-3p,hsa-miR-7-5p,hsa-miR-7-5p,CAAAGTTCTGTAGTGCACTGA,CAAAGTTCTGTAGTGCACTGA,AACAAAATCACTAGTCTTCCA,AACAAAATCACTAGTCTTCCA,TTGGCAAAGTTCTGTAGTGCACTGAGGGCAAAGTTCTGTAGTGCACTGACACAACAAAATCACTAGTCTTCCAACTAACAAAATCACTAGTCTTCCACACT,-0.635748500258191,0.0269380260883292,-0.2221704095263009,0.0263484034789319,-0.3109915608337402,0.0260660745872495,-0.3097466852313222,0.0265719848190742,-0.4454214305684069,0.0264302519573614,-0.1910072448829953,0.0262618475149017
miRNA_full_AND2x2_9_context1,hsa-miR-96-5p,hsa-miR-96-5p,hsa-miR-31-5p,hsa-miR-31-5p,CAAAAATGTGCTAGTGCCAAA,CAAAAATGTGCTAGTGCCAAA,AGCTATGCCAGCATCTTGCCT,AGCTATGCCAGCATCTTGCCT,TTCAAAAATGTGCTAGTGCCAAACAGCAAAAATGTGCTAGTGCCAAAGACAAGCTATGCCAGCATCTTGCCTTACAGCTATGCCAGCATCTTGCCTTCACT,-0.3200195003358909,0.0222933882933841,-1.0692144386080342,0.0266989880483483,-0.408596075487559,0.022877041565482,-0.3020542996509771,0.022879785561066,-0.222557541936874,0.0222324407351118,0.1233426402568077,0.0222603404927712
miRNA_full_AND2x2_10_context1,hsa-miR-221-3p,hsa-miR-221-3p,hsa-miR-192-5p,hsa-miR-192-5p,AACCCAGCAGACAATGTAGCT,AACCCAGCAGACAATGTAGCT,GGCTGTCAATTCATAGGTCAG,GGCTGTCAATTCATAGGTCAG,TTGAACCCAGCAGACAATGTAGCTAGGAACCCAGCAGACAATGTAGCTACACGGCTGTCAATTCATAGGTCAGACTGGCTGTCAATTCATAGGTCAGCACT,-0.5885969472655542,0.027799549513768,-0.2758682394065281,0.0273399510639213,-0.0770300344658204,0.0263418364764231,-0.1810579382083141,0.0268277185085617,-0.8457254931371448,0.0300423662517747,-0.2797805913135763,0.0278640730522411
miRNA_full_AND2x2_11_context1,hsa-miR-494-3p,hsa-miR-494-3p,hsa-miR-34a-5p,hsa-miR-34a-5p,AGGTTTCCCGTGTATGTTTCA,AGGTTTCCCGTGTATGTTTCA,CAACCAGCTAAGACACTGCCA,CAACCAGCTAAGACACTGCCA,TTGAGGTTTCCCGTGTATGTTTCAAGGAGGTTTCCCGTGTATGTTTCAACACCAACCAGCTAAGACACTGCCAACTCAACCAGCTAAGACACTGCCACACT,-0.6814495124884263,0.0262383301110849,-0.2858859736631555,0.0257198059204085,-0.3092310025917463,0.0255009955284596,-0.0331837411028265,0.025156899100216,-0.9018888241839856,0.0272968487355257,-0.3980357626990097,0.0261254079708662
miRNA_full_AND2x2_12_context1,hsa-miR-193b-3p,hsa-miR-193b-3p,hsa-miR-96-5p,hsa-miR-96-5p,GCGGGACTTTGAGGGCCAGTT,GCGGGACTTTGAGGGCCAGTT,CAAAAATGTGCTAGTGCCAAA,CAAAAATGTGCTAGTGCCAAA,TTGGGCGGGACTTTGAGGGCCAGTTGGGGCGGGACTTTGAGGGCCAGTTCCAAAAATGTGCTAGTGCCAAAGTACAAAAATGTGCTAGTGCCAAACTCACT,-0.3194710141760143,0.0265936281312318,-0.5060777698716568,0.0278381870120934,-0.466664554573188,0.0277215719959891,-0.3500286456055669,0.0274807111732165,-0.5690787421018515,0.0279363406153435,0.0090271057967238,0.0264717870168288
miRNA_full_AND2x2_13_context1,hsa-miR-7-5p,hsa-miR-7-5p,hsa-miR-10a-5p,hsa-miR-10a-5p,AACAAAATCACTAGTCTTCCA,AACAAAATCACTAGTCTTCCA,CAAATTCGGATCTACAGGGTA,CAAATTCGGATCTACAGGGTA,TTGGAACAAAATCACTAGTCTTCCAGGGAACAAAATCACTAGTCTTCCACACCAAATTCGGATCTACAGGGTAACTCAAATTCGGATCTACAGGGTACACT,-1.056635810767661,0.0443220632817614,-0.0973320427876489,0.0343756599449227,-0.1583569140904185,0.0354479795572356,-0.2660363163200552,0.0375118227015652,-0.1865479267735056,0.0354995958530446,-0.1047957232286785,0.0354088312610759
miRNA_full_AND2x2_14_context1,hsa-miR-148a-3p,hsa-miR-148a-3p,hsa-miR-126-3p,hsa-miR-126-3p,CAAAGTTCTGTAGTGCACTGA,CAAAGTTCTGTAGTGCACTGA,GCATTATTACTCACGGTACGA,GCATTATTACTCACGGTACGA,TTGGCAAAGTTCTGTAGTGCACTGAGGGCAAAGTTCTGTAGTGCACTGACACGCATTATTACTCACGGTACGAACTGCATTATTACTCACGGTACGACACT,-0.3792415925045183,0.0259531184637108,0.0806184972687021,0.0256973461897008,-0.2438855563207477,0.0258763196478128,-0.973095711595887,0.0329321633823324,-0.0915544520577818,0.0253603880861561,-0.175744290851287,0.0262806916012251
miRNA_full_AND2x2_15_context1,hsa-miR-96-5p,hsa-miR-96-5p,hsa-miR-196a-5p,hsa-miR-196a-5p,CAAAAATGTGCTAGTGCCAAA,CAAAAATGTGCTAGTGCCAAA,CCAACAACATGAAACTACCTA,CCAACAACATGAAACTACCTA,TTCAAAAATGTGCTAGTGCCAAACAGCAAAAATGTGCTAGTGCCAAAGACCCAACAACATGAAACTACCTAGTACCAACAACATGAAACTACCTACTCACT,-0.9352076857994212,0.0293609925915019,-0.6402670000392395,0.0284502945846439,-0.4214926579632409,0.0273850801110996,-0.5605633476085301,0.0283680904407301,-0.333800661334578,0.0267241746725359,-0.0019623833063038,0.0263269062447609
miRNA_full_AND2x2_16_context1,hsa-miR-23a-3p,hsa-miR-23a-3p,hsa-miR-21-3p,hsa-miR-21-3p,GGAAATCCCTGGCAATGTGAT,GGAAATCCCTGGCAATGTGAT,ACAGCCCATCGACTGGTGTTG,ACAGCCCATCGACTGGTGTTG,TTGGAAATCCCTGGCAATGTGATCAGGGAAATCCCTGGCAATGTGATCACACACAGCCCATCGACTGGTGTTGACTACAGCCCATCGACTGGTGTTGCACT,-0.1917159786800394,0.0286356921762624,-0.9535639137336852,0.0335809132966297,-0.4309507357075112,0.029930451271075,-0.2876323881561882,0.0298004881829426,-0.6441588032231165,0.0308253107064793,-0.6082211504293497,0.0319145375244077
miRNA_full_AND2x2_17_context1,hsa-miR-23a-3p,hsa-miR-23a-3p,hsa-miR-122-5p,hsa-miR-122-5p,GGAAATCCCTGGCAATGTGAT,GGAAATCCCTGGCAATGTGAT,AAACACCATTGTCACACTCCA,AAACACCATTGTCACACTCCA,TTGGAAATCCCTGGCAATGTGATCAGGGAAATCCCTGGCAATGTGATCACACAAACACCATTGTCACACTCCACCTAAACACCATTGTCACACTCCACACT,-0.1548385781032113,0.0331047958405321,-1.1137382453428049,0.0442715672066711,-0.488301557983446,0.0358459228426284,-0.3530780503020427,0.0351961110355022,-0.6354143292483132,0.03664292350631,-0.6223954660179195,0.0386582238343085
miRNA_full_AND2x2_18_context1,hsa-miR-494-3p,hsa-miR-494-3p,hsa-miR-31-5p,hsa-miR-31-5p,AGGTTTCCCGTGTATGTTTCA,AGGTTTCCCGTGTATGTTTCA,AGCTATGCCAGCATCTTGCCT,AGCTATGCCAGCATCTTGCCT,TTGAGGTTTCCCGTGTATGTTTCAAGGAGGTTTCCCGTGTATGTTTCAACAAGCTATGCCAGCATCTTGCCTTACAGCTATGCCAGCATCTTGCCTTCACT,-0.2512479276258367,0.0183306759069114,-1.2125140128231802,0.0259065328705796,0.0416063312206746,0.018072670355743,0.0379343212817138,0.0183195182255403,-0.0366247955026208,0.018130342084347,0.1276653928292362,0.0182979918852463
miRNA_full_AND2x2_19_context1,hsa-miR-96-5p,hsa-miR-96-5p,hsa-miR-126-3p,hsa-miR-126-3p,CAAAAATGTGCTAGTGCCAAA,CAAAAATGTGCTAGTGCCAAA,GCATTATTACTCACGGTACGA,GCATTATTACTCACGGTACGA,TTCAAAAATGTGCTAGTGCCAAACAGCAAAAATGTGCTAGTGCCAAAGACACGCATTATTACTCACGGTACGAACTGCATTATTACTCACGGTACGACACT,-0.451679122456251,0.0282147988587258,-0.1548829431784454,0.0280955785688707,-0.5673701185873552,0.0295809416896049,-0.9669707243051462,0.0334014701371012,-0.3743258209527462,0.0282201390407661,-0.1696911825187447,0.028144237128291
miRNA_full_AND2x2_20_context1,hsa-miR-17-3p,hsa-miR-17-3p,hsa-miR-21-3p,hsa-miR-21-3p,TACAAGTGCCTTCACTGCAGT,TACAAGTGCCTTCACTGCAGT,ACAGCCCATCGACTGGTGTTG,ACAGCCCATCGACTGGTGTTG,TTGGTACAAGTGCCTTCACTGCAGTGGGTACAAGTGCCTTCACTGCAGTCACACAGCCCATCGACTGGTGTTGACTACAGCCCATCGACTGGTGTTGCACT,-0.0812934280754014,0.0209395784643084,-0.0476061122506573,0.0205983082720027,-0.1249305332907191,0.0210312336539981,-0.1145181976840015,0.0204075281658875,-0.1257967949994137,0.0210160133694868,0.030628362367467,0.0211628609614991
miRNA_full_AND2x2_21_context1,hsa-miR-96-5p,hsa-miR-96-5p,hsa-miR-224-5p,hsa-miR-224-5p,CAAAAATGTGCTAGTGCCAAA,CAAAAATGTGCTAGTGCCAAA,ACGGAACCACTAGTGACTTGA,ACGGAACCACTAGTGACTTGA,TTCAAAAATGTGCTAGTGCCAAACAGCAAAAATGTGCTAGTGCCAAAGACACACGGAACCACTAGTGACTTGAACTACGGAACCACTAGTGACTTGACACT,-0.2446236245899123,0.0240353048581185,-0.2217239256810317,0.0247406008760846,-0.3387009717745249,0.0246768624893949,-0.3757491555321713,0.0251711988598395,-0.3121142158171001,0.0243766490559722,-0.0013703282038248,0.0240572215741213
miRNA_full_AND2x2_22_context1,hsa-miR-494-3p,hsa-miR-494-3p,hsa-miR-125b-5p,hsa-miR-125b-5p,AGGTTTCCCGTGTATGTTTCA,AGGTTTCCCGTGTATGTTTCA,CACAAGTTAGGGTCTCAGGGA,CACAAGTTAGGGTCTCAGGGA,TTGAGGTTTCCCGTGTATGTTTCAAGGAGGTTTCCCGTGTATGTTTCAACACCACAAGTTAGGGTCTCAGGGAACTCACAAGTTAGGGTCTCAGGGACACT,0.0274397863469717,0.0192052661883105,-0.1541271636676011,0.0196374468010539,0.0451831265138493,0.0192423751416381,0.075782246958833,0.0194513181776902,0.0115316935215412,0.0192685984628138,-0.3492978996170076,0.0203121374659331
miRNA_full_AND2x2_23_context1,hsa-miR-17-3p,hsa-miR-17-3p,hsa-miR-31-5p,hsa-miR-31-5p,TACAAGTGCCTTCACTGCAGT,TACAAGTGCCTTCACTGCAGT,AGCTATGCCAGCATCTTGCCT,AGCTATGCCAGCATCTTGCCT,TTGGTACAAGTGCCTTCACTGCAGTGGGTACAAGTGCCTTCACTGCAGTCAAGCTATGCCAGCATCTTGCCTTACAGCTATGCCAGCATCTTGCCTTCACT,-0.1804957750032041,0.0169595998277948,-1.2051232194553148,0.0230343376304143,0.0336934302387717,0.0168517844760582,0.0097329966344061,0.0170425149230128,0.0104762850714845,0.0168557839315442,0.1497712435672238,0.0169873142331896
miRNA_full_AND2x2_24_context1,hsa-miR-21-3p,hsa-miR-21-3p,hsa-miR-218-5p,hsa-miR-218-5p,ACAGCCCATCGACTGGTGTTG,ACAGCCCATCGACTGGTGTTG,ACATGGTTAGATCAAGCACAA,ACATGGTTAGATCAAGCACAA,TTGGACAGCCCATCGACTGGTGTTGGGGACAGCCCATCGACTGGTGTTGCACATGGTTAGATCAAGCACAAGTAACATGGTTAGATCAAGCACAACTCACT,-1.1400632522919656,0.0518672471753144,-0.1644324989337501,0.0438734326321842,-0.2027087747653873,0.0423969278795483,-0.1803108098912407,0.0425981644122483,-0.2028168043878,0.0423512663411946,-0.6542869202101579,0.0495260724974869
miRNA_full_AND2x2_25_context1,hsa-miR-96-5p,hsa-miR-96-5p,hsa-miR-17-3p,hsa-miR-17-3p,CAAAAATGTGCTAGTGCCAAA,CAAAAATGTGCTAGTGCCAAA,TACAAGTGCCTTCACTGCAGT,TACAAGTGCCTTCACTGCAGT,TTCAAAAATGTGCTAGTGCCAAACAGCAAAAATGTGCTAGTGCCAAAGACACTACAAGTGCCTTCACTGCAGTACTTACAAGTGCCTTCACTGCAGTCACT,-0.2957994270350782,0.0200084070018042,-0.0854281967026274,0.0195985219981782,-0.3742649219359051,0.0205528109656238,-0.4625220429159422,0.0211138782320137,-0.3071000952192008,0.0201900908901683,0.051253255911515,0.0200232852020344
miRNA_full_AND2x2_26_context1,hsa-miR-17-3p,hsa-miR-17-3p,hsa-miR-200c-3p,hsa-miR-200c-3p,TACAAGTGCCTTCACTGCAGT,TACAAGTGCCTTCACTGCAGT,CATCATTACCCGGCAGTATTA,CATCATTACCCGGCAGTATTA,TTGGTACAAGTGCCTTCACTGCAGTGGGTACAAGTGCCTTCACTGCAGTCACCATCATTACCCGGCAGTATTAACTCATCATTACCCGGCAGTATTACACT,0.0408232129351668,0.0230827961969491,0.1771484811128739,0.0232417550271958,-0.5765098917281701,0.024729543431808,-0.0135237012843525,0.023317438194652,-0.0390056484996803,0.0231673506111159,0.1823951903406819,0.0232943438807278
miRNA_full_AND2x2_27_context1,hsa-miR-23a-3p,hsa-miR-23a-3p,hsa-miR-142-3p,hsa-miR-142-3p,GGAAATCCCTGGCAATGTGAT,GGAAATCCCTGGCAATGTGAT,CATAAAGTAGGAAACACTACA,CATAAAGTAGGAAACACTACA,TTGGAAATCCCTGGCAATGTGATCAGGGAAATCCCTGGCAATGTGATCACACCATAAAGTAGGAAACACTACAACTCATAAAGTAGGAAACACTACACACT,-0.2327005033601715,0.0501824897042443,-1.0918515368511528,0.0629339598672098,-0.5257250507326848,0.0551857088687661,-1.579021996561095,0.088560411217241,-0.712664488934708,0.0564226193459327,-0.8066118228370004,0.0606995461658804
miRNA_full_AND2x2_28_context1,hsa-miR-31-5p,hsa-miR-31-5p,hsa-miR-218-5p,hsa-miR-218-5p,AGCTATGCCAGCATCTTGCCT,AGCTATGCCAGCATCTTGCCT,ACATGGTTAGATCAAGCACAA,ACATGGTTAGATCAAGCACAA,TTGAGCTATGCCAGCATCTTGCCTAGGAGCTATGCCAGCATCTTGCCTACACATGGTTAGATCAAGCACAAGTAACATGGTTAGATCAAGCACAACTCACT,-1.061273790098063,0.0295932662746455,-1.0930039521026662,0.0318290501571582,0.0001641514762487,0.0252352166383915,-0.0094971226217516,0.0255178202720803,-0.0107208762225336,0.0252854276539724,-0.4699903621270671,0.0274409349140002
miRNA_full_AND2x2_29_context1,hsa-miR-221-3p,hsa-miR-221-3p,hsa-miR-31-5p,hsa-miR-31-5p,AACCCAGCAGACAATGTAGCT,AACCCAGCAGACAATGTAGCT,AGCTATGCCAGCATCTTGCCT,AGCTATGCCAGCATCTTGCCT,TTGAACCCAGCAGACAATGTAGCTAGGAACCCAGCAGACAATGTAGCTACAAGCTATGCCAGCATCTTGCCTTACAGCTATGCCAGCATCTTGCCTTCACT,-0.6367387538957945,0.0263306327113817,-1.2023018825948857,0.0329931829699887,0.0139545639886909,0.0247094495268663,0.0109034065157199,0.0250731745648747,-0.3850445158929193,0.0255663770066779,-0.1346490774208633,0.0251818389802571
miRNA_full_AND2x2_30_context1,hsa-miR-125b-5p,hsa-miR-125b-5p,hsa-miR-34a-5p,hsa-miR-34a-5p,CACAAGTTAGGGTCTCAGGGA,CACAAGTTAGGGTCTCAGGGA,CAACCAGCTAAGACACTGCCA,CAACCAGCTAAGACACTGCCA,TTGGCACAAGTTAGGGTCTCAGGGAGGGCACAAGTTAGGGTCTCAGGGACACCAACCAGCTAAGACACTGCCAACTCAACCAGCTAAGACACTGCCACACT,-0.5795486469258628,0.0333013794161887,-0.457305052385069,0.033371420226099,-0.3188362156632593,0.0327384895480986,0.034591628966633,0.0327622708445413,-0.8724209701483283,0.0348449455874859,-0.719319918282106,0.035369126113375
miRNA_full_AND2x2_31_context1,hsa-miR-148a-3p,hsa-miR-148a-3p,hsa-miR-192-5p,hsa-miR-192-5p,CAAAGTTCTGTAGTGCACTGA,CAAAGTTCTGTAGTGCACTGA,GGCTGTCAATTCATAGGTCAG,GGCTGTCAATTCATAGGTCAG,TTGGCAAAGTTCTGTAGTGCACTGAGGGCAAAGTTCTGTAGTGCACTGACACGGCTGTCAATTCATAGGTCAGACTGGCTGTCAATTCATAGGTCAGCACT,-0.2131083976313404,0.0241907010055983,0.0635044237329914,0.0243934373000958,-0.0481087903505334,0.0240408429513137,-0.1630894025515235,0.0244388258383756,-0.7626913450137061,0.0264192563651052,0.0193201809713908,0.0243049298903682
miRNA_full_AND2x2_32_context1,hsa-miR-96-5p,hsa-miR-96-5p,hsa-miR-192-5p,hsa-miR-192-5p,CAAAAATGTGCTAGTGCCAAA,CAAAAATGTGCTAGTGCCAAA,GGCTGTCAATTCATAGGTCAG,GGCTGTCAATTCATAGGTCAG,TTCAAAAATGTGCTAGTGCCAAACAGCAAAAATGTGCTAGTGCCAAAGACACGGCTGTCAATTCATAGGTCAGACTGGCTGTCAATTCATAGGTCAGCACT,-0.3517313795005222,0.0234965571955773,-0.1715122800725343,0.0237525269188913,-0.4031444054148225,0.0241119800209118,-0.4387279446512114,0.0244647386787698,-0.8707420080033969,0.02624419171642,-0.0242738961927222,0.0232474164505642
miRNA_full_AND2x2_33_context1,hsa-miR-23a-3p,hsa-miR-23a-3p,hsa-miR-329-3p,hsa-miR-329-3p,GGAAATCCCTGGCAATGTGAT,GGAAATCCCTGGCAATGTGAT,AAGAGGTTAACCAGGTGTGTT,AAGAGGTTAACCAGGTGTGTT,TTGGAAATCCCTGGCAATGTGATCAGGGAAATCCCTGGCAATGTGATCACACAAGAGGTTAACCAGGTGTGTTACTAAGAGGTTAACCAGGTGTGTTCACT,-0.2537242068566733,0.0378905837342899,-0.5292604496878017,0.0403561970240071,-0.4134848771834128,0.0396115672796047,-0.0921337732361976,0.0365076217766113,-0.414423209203612,0.0389914535077707,-0.4989300923781968,0.0411927293690319
miRNA_full_AND2x2_34_context1,hsa-miR-221-3p,hsa-miR-221-3p,hsa-miR-17-3p,hsa-miR-17-3p,AACCCAGCAGACAATGTAGCT,AACCCAGCAGACAATGTAGCT,TACAAGTGCCTTCACTGCAGT,TACAAGTGCCTTCACTGCAGT,TTGAACCCAGCAGACAATGTAGCTAGGAACCCAGCAGACAATGTAGCTACACTACAAGTGCCTTCACTGCAGTACTTACAAGTGCCTTCACTGCAGTCACT,-0.683703795438989,0.023821841516634,-0.3313656418801681,0.0231344518237265,-0.0140276331568088,0.0223636241729502,-0.3488109412009083,0.0233698178730882,-0.5066319504670272,0.0234639532588002,-0.2261200507432297,0.0233027421876395
miRNA_full_AND2x2_35_context1,hsa-miR-23a-3p,hsa-miR-23a-3p,hsa-miR-34a-3p,hsa-miR-34a-3p,GGAAATCCCTGGCAATGTGAT,GGAAATCCCTGGCAATGTGAT,GGGCAGTATACTTGCTGATTG,GGGCAGTATACTTGCTGATTG,TTGGAAATCCCTGGCAATGTGATCAGGGAAATCCCTGGCAATGTGATCACACGGGCAGTATACTTGCTGATTGACTGGGCAGTATACTTGCTGATTGCACT,-0.210954489313056,0.0319329385308501,-0.8830062138134954,0.0355099137230629,-0.4516973444106917,0.0332629736142108,-0.3391346007636466,0.033073863152851,-0.6769610826223924,0.0341031239844905,-0.7122366730490095,0.0355989179189312
